{
    "ret": 0.4287581634191374,
    "mtx": [
        [
            1505.5046709166386,
            0.0,
            970.3189514322881
        ],
        [
            0.0,
            1506.4117524228564,
            513.727522273786
        ],
        [
            0.0,
            0.0,
            1.0
        ]
    ],
    "dist": [
        [
            0.08236361954913367,
            -0.00430419084653528,
            -0.005529218649219568,
            -0.0007266480297423523,
            -0.22521013635219259
        ]
    ],
    "rvecs": [
        [
            [
                -0.05312195685284518
            ],
            [
                0.09760234211183874
            ],
            [
                -0.0009061219656787298
            ]
        ],
        [
            [
                -0.07184326081009607
            ],
            [
                0.047984536688574386
            ],
            [
                0.041612128586929094
            ]
        ],
        [
            [
                0.5904222732118255
            ],
            [
                0.053561361064170865
            ],
            [
                0.01131083977078382
            ]
        ],
        [
            [
                0.6414783858891187
            ],
            [
                -0.2950141758860288
            ],
            [
                0.47407025170729306
            ]
        ],
        [
            [
                -0.12360882081216817
            ],
            [
                -0.7178777812661861
            ],
            [
                -0.05794217124348965
            ]
        ],
        [
            [
                0.24456839096565297
            ],
            [
                -1.3686573551383125
            ],
            [
                -0.055460069916657535
            ]
        ],
        [
            [
                -1.163835543117429
            ],
            [
                0.05460540803030131
            ],
            [
                0.20994732647904224
            ]
        ],
        [
            [
                -0.569894567865573
            ],
            [
                -0.05752592662478805
            ],
            [
                0.020999735038793575
            ]
        ],
        [
            [
                -0.2160506113068877
            ],
            [
                -0.8743647989964048
            ],
            [
                -0.10666433475857483
            ]
        ],
        [
            [
                -0.10382276451255017
            ],
            [
                0.534756598790712
            ],
            [
                0.04719824494951613
            ]
        ],
        [
            [
                -0.0862855582446853
            ],
            [
                0.13866154382657594
            ],
            [
                0.0774055054789429
            ]
        ],
        [
            [
                0.35346176035061905
            ],
            [
                -0.034030589035052766
            ],
            [
                0.01578195556160024
            ]
        ],
        [
            [
                -0.10513703825950046
            ],
            [
                -0.007025894899557847
            ],
            [
                0.012426390018428579
            ]
        ],
        [
            [
                0.030001953242884277
            ],
            [
                0.016084008131022946
            ],
            [
                0.06202828044056844
            ]
        ],
        [
            [
                0.05701748024829174
            ],
            [
                -0.3827393256433689
            ],
            [
                -0.026799496287359087
            ]
        ],
        [
            [
                -0.1651892157554144
            ],
            [
                0.6673649016013853
            ],
            [
                0.048483681927489385
            ]
        ],
        [
            [
                -0.3166409723109913
            ],
            [
                -0.3177761376520892
            ],
            [
                -0.0038086205671531035
            ]
        ],
        [
            [
                -0.20223657967627215
            ],
            [
                0.06894554710598569
            ],
            [
                0.010552738100842462
            ]
        ],
        [
            [
                -0.26632601355546853
            ],
            [
                0.10780105580326833
            ],
            [
                0.004740492773927964
            ]
        ],
        [
            [
                0.11407118164494379
            ],
            [
                -0.030425630451752752
            ],
            [
                0.001749851585729839
            ]
        ],
        [
            [
                -0.6047153093335041
            ],
            [
                -0.06922946549136215
            ],
            [
                -0.12754997345154867
            ]
        ],
        [
            [
                -0.3261196372311038
            ],
            [
                -0.7344591340237686
            ],
            [
                -0.30019429841706236
            ]
        ],
        [
            [
                -0.16050339351589843
            ],
            [
                0.5999855516328227
            ],
            [
                -0.09492703349370207
            ]
        ],
        [
            [
                -0.08235813572110785
            ],
            [
                1.1872387677094918
            ],
            [
                0.04592808806618892
            ]
        ]
    ],