{
    "pixel_cm_squared_ratio": 610.804347826087,
    "pixel_cm_ratio": 24.953141864977386
}