{
    "pixel_cm_squared_ratio": 1140.0497839233658,
    "pixel_cm_ratio": 33.76462326049805
}