{
    "pixel_cm_squared_ratio": 300.4444444444444,
    "pixel_cm_ratio": 17.333333333333332
}